{
  "18" : {
    "navigation" : {
      "precision" : 0.8953224341507722,
      "fairPrecision" : 0.5683520599250936,
      "recall" : 0.14940965693299657,
      "fairRecall" : 0.042433570841747585,
      "fairCorrectInTop" : 0.6966292134831461
    },
    "prevention" : {
      "precision" : 0.949642126789366,
      "fairPrecision" : 0.5025252525252526,
      "recall" : 0.05368098159509203,
      "fairRecall" : "NaN",
      "fairCorrectInTop" : "NaN"
    },
    "falseAlarm" : {
      "precision" : 0.9844559585492227,
      "fairPrecision" : "NaN",
      "recall" : "NaN",
      "fairRecall" : "NaN",
      "fairCorrectInTop" : "NaN"
    },
    "miningTime" : 3,
    "evaluationTime" : 16,
    "itemsetsSize" : 105
  },
  "17" : {
    "navigation" : {
      "precision" : 0.8922570390554043,
      "fairPrecision" : 0.5557116104868914,
      "recall" : 0.15040848507782828,
      "fairRecall" : 0.04355801847718697,
      "fairCorrectInTop" : 0.6966292134831461
    },
    "prevention" : {
      "precision" : 0.949642126789366,
      "fairPrecision" : 0.5025252525252526,
      "recall" : 0.05368098159509203,
      "fairRecall" : "NaN",
      "fairCorrectInTop" : "NaN"
    },
    "falseAlarm" : {
      "precision" : 0.9844559585492227,
      "fairPrecision" : "NaN",
      "recall" : "NaN",
      "fairRecall" : "NaN",
      "fairCorrectInTop" : "NaN"
    },
    "miningTime" : 3,
    "evaluationTime" : 13,
    "itemsetsSize" : 116
  },
  "16" : {
    "navigation" : {
      "precision" : 0.8943006357856496,
      "fairPrecision" : 0.5641385767790262,
      "recall" : 0.15140376643766454,
      "fairRecall" : 0.04467847325957934,
      "fairCorrectInTop" : 0.7191011235955056
    },
    "prevention" : {
      "precision" : 0.949642126789366,
      "fairPrecision" : 0.5171568627450981,
      "recall" : 0.05674846625766871,
      "fairRecall" : "NaN",
      "fairCorrectInTop" : "NaN"
    },
    "falseAlarm" : {
      "precision" : 0.9844559585492227,
      "fairPrecision" : "NaN",
      "recall" : "NaN",
      "fairRecall" : "NaN",
      "fairCorrectInTop" : "NaN"
    },
    "miningTime" : 3,
    "evaluationTime" : 13,
    "itemsetsSize" : 130
  },
  "15" : {
    "navigation" : {
      "precision" : 0.8943006357856496,
      "fairPrecision" : 0.5641385767790262,
      "recall" : 0.15140376643766454,
      "fairRecall" : 0.04467847325957934,
      "fairCorrectInTop" : 0.7191011235955056
    },
    "prevention" : {
      "precision" : 0.949642126789366,
      "fairPrecision" : 0.5171568627450981,
      "recall" : 0.05674846625766871,
      "fairRecall" : "NaN",
      "fairCorrectInTop" : "NaN"
    },
    "falseAlarm" : {
      "precision" : 0.9844559585492227,
      "fairPrecision" : "NaN",
      "recall" : "NaN",
      "fairRecall" : "NaN",
      "fairCorrectInTop" : "NaN"
    },
    "miningTime" : 4,
    "evaluationTime" : 12,
    "itemsetsSize" : 147
  },
  "14" : {
    "navigation" : {
      "precision" : 0.8933923705722071,
      "fairPrecision" : 0.5603932584269662,
      "recall" : 0.15149349764845452,
      "fairRecall" : 0.04477948968399629,
      "fairCorrectInTop" : 0.7191011235955056
    },
    "prevention" : {
      "precision" : 0.949642126789366,
      "fairPrecision" : 0.5171568627450981,
      "recall" : 0.05674846625766871,
      "fairRecall" : "NaN",
      "fairCorrectInTop" : "NaN"
    },
    "falseAlarm" : {
      "precision" : 0.9844559585492227,
      "fairPrecision" : "NaN",
      "recall" : "NaN",
      "fairRecall" : "NaN",
      "fairCorrectInTop" : "NaN"
    },
    "miningTime" : 4,
    "evaluationTime" : 9,
    "itemsetsSize" : 157
  },
  "13" : {
    "navigation" : {
      "precision" : 0.8736376021798365,
      "fairPrecision" : 0.5385572139303482,
      "recall" : 0.15355373318681154,
      "fairRecall" : 0.04709883459987676,
      "fairCorrectInTop" : 0.6915422885572139
    },
    "prevention" : {
      "precision" : 0.949642126789366,
      "fairPrecision" : 0.5375586854460095,
      "recall" : 0.06134969325153374,
      "fairRecall" : "NaN",
      "fairCorrectInTop" : "NaN"
    },
    "falseAlarm" : {
      "precision" : 0.9844559585492227,
      "fairPrecision" : "NaN",
      "recall" : "NaN",
      "fairRecall" : "NaN",
      "fairCorrectInTop" : "NaN"
    },
    "miningTime" : 2,
    "evaluationTime" : 13,
    "itemsetsSize" : 169
  },
  "12" : {
    "navigation" : {
      "precision" : 0.8613760217983651,
      "fairPrecision" : 0.533256880733945,
      "recall" : 0.15425406681395154,
      "fairRecall" : 0.04788724699607421,
      "fairCorrectInTop" : 0.6743119266055045
    },
    "prevention" : {
      "precision" : 0.949642126789366,
      "fairPrecision" : 0.5439814814814815,
      "recall" : 0.06288343558282208,
      "fairRecall" : "NaN",
      "fairCorrectInTop" : "NaN"
    },
    "falseAlarm" : {
      "precision" : 0.9844559585492227,
      "fairPrecision" : "NaN",
      "recall" : "NaN",
      "fairRecall" : "NaN",
      "fairCorrectInTop" : "NaN"
    },
    "miningTime" : 4,
    "evaluationTime" : 10,
    "itemsetsSize" : 198
  },
  "11" : {
    "navigation" : {
      "precision" : 0.845708446866485,
      "fairPrecision" : 0.5160256410256411,
      "recall" : 0.15730457857178823,
      "fairRecall" : 0.051321412073148,
      "fairCorrectInTop" : 0.6581196581196581
    },
    "prevention" : {
      "precision" : 0.949642126789366,
      "fairPrecision" : 0.5563063063063064,
      "recall" : 0.06595092024539877,
      "fairRecall" : "NaN",
      "fairCorrectInTop" : "NaN"
    },
    "falseAlarm" : {
      "precision" : 0.9844559585492227,
      "fairPrecision" : "NaN",
      "recall" : "NaN",
      "fairRecall" : "NaN",
      "fairCorrectInTop" : "NaN"
    },
    "miningTime" : 3,
    "evaluationTime" : 12,
    "itemsetsSize" : 223
  },
  "10" : {
    "navigation" : {
      "precision" : 0.8363987284287013,
      "fairPrecision" : 0.5098639455782312,
      "recall" : 0.16114173196175458,
      "fairRecall" : 0.05564115223915307,
      "fairCorrectInTop" : 0.6530612244897959
    },
    "prevention" : {
      "precision" : 0.949642126789366,
      "fairPrecision" : 0.5679824561403509,
      "recall" : 0.06901840490797546,
      "fairRecall" : "NaN",
      "fairCorrectInTop" : "NaN"
    },
    "falseAlarm" : {
      "precision" : 0.9844559585492227,
      "fairPrecision" : "NaN",
      "recall" : "NaN",
      "fairRecall" : "NaN",
      "fairCorrectInTop" : "NaN"
    },
    "miningTime" : 3,
    "evaluationTime" : 9,
    "itemsetsSize" : 258
  },
  "9" : {
    "navigation" : {
      "precision" : 0.8274523160762944,
      "fairPrecision" : 0.4954183266932271,
      "recall" : 0.16434713351227104,
      "fairRecall" : 0.059249687113507594,
      "fairCorrectInTop" : 0.649402390438247
    },
    "prevention" : {
      "precision" : 0.9493865030674846,
      "fairPrecision" : 0.5975609756097561,
      "recall" : 0.07822085889570553,
      "fairRecall" : "NaN",
      "fairCorrectInTop" : "NaN"
    },
    "falseAlarm" : {
      "precision" : 0.9844559585492227,
      "fairPrecision" : "NaN",
      "recall" : "NaN",
      "fairRecall" : "NaN",
      "fairCorrectInTop" : "NaN"
    },
    "miningTime" : 3,
    "evaluationTime" : 13,
    "itemsetsSize" : 321
  },
  "8" : {
    "navigation" : {
      "precision" : 0.817925262748151,
      "fairPrecision" : 0.4975832438238452,
      "recall" : 0.1667478654119201,
      "fairRecall" : 0.06195235155268301,
      "fairCorrectInTop" : 0.6466165413533834
    },
    "prevention" : {
      "precision" : 0.9271472392638037,
      "fairPrecision" : 0.5,
      "recall" : 0.07822085889570553,
      "fairRecall" : "NaN",
      "fairCorrectInTop" : "NaN"
    },
    "falseAlarm" : {
      "precision" : 0.9792746113989638,
      "fairPrecision" : "NaN",
      "recall" : "NaN",
      "fairRecall" : "NaN",
      "fairCorrectInTop" : "NaN"
    },
    "miningTime" : 3,
    "evaluationTime" : 17,
    "itemsetsSize" : 400
  },
  "7" : {
    "navigation" : {
      "precision" : 0.7979434280524197,